date,variable,strat,type,median,mean,sd,upper,lower,bottom,top
2020-05-02,reported_cases,NA,positivity-adjusted reported cases,6.5,8,7.781095973283876,7,0,0,15
2020-05-03,reported_cases,NA,positivity-adjusted reported cases,1.5,4.333333333333333,6.020168124099546,3,0,0,9
2020-05-04,reported_cases,NA,positivity-adjusted reported cases,6.5,10.416666666666666,17.484841920065993,8,0,0,12
2020-05-05,reported_cases,NA,positivity-adjusted reported cases,11,15.333333333333334,14.297700599195748,12,0,0,33
2020-05-06,reported_cases,NA,positivity-adjusted reported cases,6.5,7.583333333333333,7.645061785032852,8,2,0,15
2020-05-07,reported_cases,NA,positivity-adjusted reported cases,3.5,4.333333333333333,4.458563432181702,6,0,0,10
2020-05-08,reported_cases,NA,positivity-adjusted reported cases,5.5,8.916666666666666,8.596599045640966,8,0,0,23
2020-05-09,reported_cases,NA,positivity-adjusted reported cases,6.5,8.916666666666666,9.985975013472494,8,0,0,21
2020-05-10,reported_cases,NA,positivity-adjusted reported cases,6,6.583333333333333,7.051219537760612,6,0,0,12
2020-05-11,reported_cases,NA,positivity-adjusted reported cases,9,9,5.608435205522611,9,1,1,16
2020-05-12,reported_cases,NA,positivity-adjusted reported cases,6.5,10.583333333333334,12.38370140975874,7,0,0,21
2020-05-13,reported_cases,NA,positivity-adjusted reported cases,5.5,8.083333333333334,10.621233735334425,6,0,0,16
2020-05-14,reported_cases,NA,positivity-adjusted reported cases,10,10.166666666666666,10.38209414269967,14,0,0,22
2020-05-15,reported_cases,NA,positivity-adjusted reported cases,7,21.916666666666668,26.75633598143653,8,0,0,63
2020-05-16,reported_cases,NA,positivity-adjusted reported cases,6.5,7.75,8.986100377805714,8,0,0,15
2020-05-17,reported_cases,NA,positivity-adjusted reported cases,4,9.333333333333334,11.672293015617122,5,1,1,25
2020-05-18,reported_cases,NA,positivity-adjusted reported cases,11,13.333333333333334,11.964594232631342,14,0,0,26
2020-05-19,reported_cases,NA,positivity-adjusted reported cases,13.5,39.5,72.0056815940116,16,4,0,100
2020-05-20,reported_cases,NA,positivity-adjusted reported cases,10,18.5,29.209276235158892,10,5,0,31
2020-05-21,reported_cases,NA,positivity-adjusted reported cases,2,5.166666666666667,6.492419822494163,3,0,0,16
2020-05-22,reported_cases,NA,positivity-adjusted reported cases,6.5,8.5,9.366283826965352,9,0,0,23
2020-05-23,reported_cases,NA,positivity-adjusted reported cases,8,14.583333333333334,24.629835319765903,8,1,0,18
2020-05-24,reported_cases,NA,positivity-adjusted reported cases,6.5,10.916666666666666,14.431394648998811,7,0,0,36
2020-05-25,reported_cases,NA,positivity-adjusted reported cases,10.5,838.3333333333334,2832.2556809766033,16,4,0,150
2020-05-26,reported_cases,NA,positivity-adjusted reported cases,6.5,173.33333333333334,463.10441260011436,7,0,0,406
2020-05-27,reported_cases,NA,positivity-adjusted reported cases,8,93.58333333333333,281.29391239682946,9,0,0,37
2020-05-28,reported_cases,NA,positivity-adjusted reported cases,2.5,5.333333333333333,6.840166576032983,4,0,0,18
2020-05-29,reported_cases,NA,positivity-adjusted reported cases,4,40,114.05102526341604,6,0,0,24
2020-05-30,reported_cases,NA,positivity-adjusted reported cases,3.5,9.25,16.153384109276242,5,0,0,16
2020-05-31,reported_cases,NA,positivity-adjusted reported cases,2.5,8.166666666666666,14.04430219848691,3,0,0,21
2020-06-01,reported_cases,NA,positivity-adjusted reported cases,7,16.916666666666668,36.08187238976818,7,0,0,17
2020-06-02,reported_cases,NA,positivity-adjusted reported cases,5.5,15.083333333333334,30.158545700810553,7,2,0,32
2020-06-03,reported_cases,NA,positivity-adjusted reported cases,2.5,24.416666666666668,66.72529618904026,4,0,0,25
2020-06-04,reported_cases,NA,positivity-adjusted reported cases,5.5,224.83333333333334,760.2872463547557,7,0,0,20
2020-06-05,reported_cases,NA,positivity-adjusted reported cases,5.5,139.91666666666666,401.67998531923473,7,0,0,206
2020-06-06,reported_cases,NA,positivity-adjusted reported cases,8,34.333333333333336,55.45732730230652,9,0,0,112
2020-06-07,reported_cases,NA,positivity-adjusted reported cases,4,30.916666666666668,89.66448403336572,4,0,0,21
2020-06-08,reported_cases,NA,positivity-adjusted reported cases,6.5,877.5,2139.595607500717,7,0,0,1913
2020-06-09,reported_cases,NA,positivity-adjusted reported cases,8,119.08333333333333,211.60274028700502,8,0,0,501
2020-06-10,reported_cases,NA,positivity-adjusted reported cases,1,4.75,9.10669084694425,1,0,0,16
2020-06-11,reported_cases,NA,positivity-adjusted reported cases,3,19.5,41.58999005442623,4,0,0,68
2020-06-12,reported_cases,NA,positivity-adjusted reported cases,5,9.083333333333334,15.779493789169038,5,0,0,17
2020-06-13,reported_cases,NA,positivity-adjusted reported cases,4,745.25,2506.629759258435,5,0,0,193
2020-06-14,reported_cases,NA,positivity-adjusted reported cases,0.5,4.083333333333333,7.292067088572514,1,0,0,13
2020-06-15,reported_cases,NA,positivity-adjusted reported cases,6.5,5149.333333333333,17494.72093016183,8,0,0,1010
2020-06-16,reported_cases,NA,positivity-adjusted reported cases,11.5,34.666666666666664,65.5859371474949,15,0,0,53
2020-06-17,reported_cases,NA,positivity-adjusted reported cases,15,186.83333333333334,497.2672289319868,16,0,0,244
2020-06-18,reported_cases,NA,positivity-adjusted reported cases,14.5,4735.083333333333,16304.96116054772,16,0,0,197
2020-06-19,reported_cases,NA,positivity-adjusted reported cases,2.5,2066.6666666666665,7132.382227728983,5,0,0,26
2020-06-20,reported_cases,NA,positivity-adjusted reported cases,22.5,4081.0833333333335,13988.292770341486,27,0,0,317
2020-06-21,reported_cases,NA,positivity-adjusted reported cases,3,8.25,11.298632258335116,4,0,0,29
2020-06-22,reported_cases,NA,positivity-adjusted reported cases,8,33.833333333333336,78.24185503161259,10,0,0,57
2020-06-23,reported_cases,NA,positivity-adjusted reported cases,19.5,25.333333333333332,30.606990684937955,21,0,0,53
2020-06-24,reported_cases,NA,positivity-adjusted reported cases,19,822,2285.1342112962125,20,0,0,1523
2020-06-25,reported_cases,NA,positivity-adjusted reported cases,13,26.333333333333332,34.423388807171456,22,0,0,51
2020-06-26,reported_cases,NA,positivity-adjusted reported cases,35,300.3333333333333,804.0269481387631,38,0,0,517
2020-06-27,reported_cases,NA,positivity-adjusted reported cases,36,137,312.37186463921785,47,0,0,204
2020-06-28,reported_cases,NA,positivity-adjusted reported cases,35.5,1360.3333333333333,4549.8870981663495,42,0,0,286
2020-06-29,reported_cases,NA,positivity-adjusted reported cases,30,8678.583333333334,29934.71215361352,38,0,0,102
2020-06-30,reported_cases,NA,positivity-adjusted reported cases,18,34.916666666666664,45.68958173137372,26,0,0,96
2020-07-01,reported_cases,NA,positivity-adjusted reported cases,66,107.5,167.79668433174498,70,0,0,264
2020-07-02,reported_cases,NA,positivity-adjusted reported cases,71,12790.416666666666,40108.72156449117,83,0,0,10270
2020-07-03,reported_cases,NA,positivity-adjusted reported cases,48,318,816.7068017348698,56,0,0,312
2020-07-04,reported_cases,NA,positivity-adjusted reported cases,42.5,192.25,462.48363607414655,62,0,0,330
2020-07-05,reported_cases,NA,positivity-adjusted reported cases,81.5,5477.916666666667,18629.15500186021,108,0,0,467
2020-07-06,reported_cases,NA,positivity-adjusted reported cases,54,5621.083333333333,17613.78911513432,90,0,0,5433
2020-07-07,reported_cases,NA,positivity-adjusted reported cases,155,1855.9166666666667,5233.739050331961,173,0,0,2781
2020-07-08,reported_cases,NA,positivity-adjusted reported cases,91.5,26607.833333333332,91845.71492239615,132,0,0,243
2020-07-09,reported_cases,NA,positivity-adjusted reported cases,113,32751.666666666668,111701.2129317504,157,0,0,4488
2020-07-10,reported_cases,NA,positivity-adjusted reported cases,180.5,2526.3333333333335,6476.3893887838085,207,0,0,6560
2020-07-11,reported_cases,NA,positivity-adjusted reported cases,154.5,3766.4166666666665,12493.918051001916,175,0,0,665
2020-07-12,reported_cases,NA,positivity-adjusted reported cases,156.5,23144,78861.98538067513,174,0,0,2530
2020-07-13,reported_cases,NA,positivity-adjusted reported cases,146.5,1759392.25,6094044.024051205,227,0,0,920
2020-07-14,reported_cases,NA,positivity-adjusted reported cases,131,371.6666666666667,812.3122253882133,133,0,0,682
2020-07-15,reported_cases,NA,positivity-adjusted reported cases,202.5,276.5833333333333,354.35741031114935,266,0,0,711
2020-07-16,reported_cases,NA,positivity-adjusted reported cases,162.5,18569.916666666668,63458.584139519095,191,0,0,920
2020-07-17,reported_cases,NA,positivity-adjusted reported cases,388,255539,794718.8982368088,420,0,0,10270
2020-07-18,reported_cases,NA,positivity-adjusted reported cases,308.5,53556.666666666664,181970.72650308514,365,0,0,7732
2020-07-19,reported_cases,NA,positivity-adjusted reported cases,229,419.4166666666667,705.7460859819117,233,0,0,984
2020-07-20,reported_cases,NA,positivity-adjusted reported cases,107.5,489638.4166666667,1684375.0610387689,138,0,0,10270
2020-07-21,reported_cases,NA,positivity-adjusted reported cases,110.5,306929,1062278.4825368193,119,0,0,1274
2020-07-22,reported_cases,NA,positivity-adjusted reported cases,265,42013.833333333336,144607.3574928351,342,0,0,810
2020-07-23,reported_cases,NA,positivity-adjusted reported cases,488,4392.416666666667,12532.126551448288,537,0,0,4293
2020-07-24,reported_cases,NA,positivity-adjusted reported cases,331.5,518.75,895.4069795857686,350,0,0,879
2020-07-25,reported_cases,NA,positivity-adjusted reported cases,309.5,502.8333333333333,590.6321472230692,348,0,0,1391
2020-07-26,reported_cases,NA,positivity-adjusted reported cases,201,1193.5,3122.5445189344014,266,0,0,1123
2020-07-27,reported_cases,NA,positivity-adjusted reported cases,418.5,15747.666666666666,52063.904492169015,495,0,0,5103
2020-07-28,reported_cases,NA,positivity-adjusted reported cases,159,109337.75,375578.2781559234,192,0,0,7552
2020-07-29,reported_cases,NA,positivity-adjusted reported cases,544.5,388348.75,1276901.3889377338,583,0,0,10270
2020-07-30,reported_cases,NA,positivity-adjusted reported cases,619.5,2206.8333333333335,5817.502085530483,701,0,0,1316
2020-07-31,reported_cases,NA,positivity-adjusted reported cases,234,44716.583333333336,153947.28646429497,237,0,0,824
2020-08-01,reported_cases,NA,positivity-adjusted reported cases,467,107825.75,339841.6181167406,470,0,0,10270
2020-08-02,reported_cases,NA,positivity-adjusted reported cases,517,22886.916666666668,76476.97979660681,586,0,0,4812
2020-08-03,reported_cases,NA,positivity-adjusted reported cases,153.5,1534360.0833333333,5313409.473999541,217,0,0,3072
2020-08-04,reported_cases,NA,positivity-adjusted reported cases,190,340.4166666666667,403.1777091451301,191,0,0,939
2020-08-05,reported_cases,NA,positivity-adjusted reported cases,315.5,89037.25,236455.72413191863,345,0,0,10270
2020-08-06,reported_cases,NA,positivity-adjusted reported cases,525.5,1037.8333333333333,1401.9723012004672,526,0,0,2313
2020-08-07,reported_cases,NA,positivity-adjusted reported cases,204.5,269283.9166666667,931885.6207666904,250,0,0,1211
2020-08-08,reported_cases,NA,positivity-adjusted reported cases,512.5,4072820.5833333335,13408555.826264143,533,0,0,10270
2020-08-09,reported_cases,NA,positivity-adjusted reported cases,214.5,20056.416666666668,68707.91331222115,250,0,0,773
2020-08-10,reported_cases,NA,positivity-adjusted reported cases,293.5,177024.83333333334,612288.8747420443,307,0,0,763
2020-08-11,reported_cases,NA,positivity-adjusted reported cases,180.5,6244.916666666667,19847.74605686698,229,0,0,2674
2020-08-12,reported_cases,NA,positivity-adjusted reported cases,172,6650354.833333333,20052559.367404286,196,0,0,10270
2020-08-13,reported_cases,NA,positivity-adjusted reported cases,594.5,72295.83333333333,247113.70812895513,600,0,0,5086
2020-08-14,reported_cases,NA,positivity-adjusted reported cases,111,2841.75,7939.1640632202125,160,0,0,4335
2020-08-15,reported_cases,NA,positivity-adjusted reported cases,218,22554.25,77414.37210014102,225,0,0,525
2020-08-16,reported_cases,NA,positivity-adjusted reported cases,334,125760.75,434460.24738082144,354,0,0,930
2020-08-17,reported_cases,NA,positivity-adjusted reported cases,182.5,39200.166666666664,116562.9542466086,198,0,0,10270
2020-08-18,reported_cases,NA,positivity-adjusted reported cases,210,12113.75,41112.54197736877,272,0,0,800
2020-08-19,reported_cases,NA,positivity-adjusted reported cases,281.5,3183855.25,10922326.86206249,308,0,0,10270
2020-08-20,reported_cases,NA,positivity-adjusted reported cases,311,3423735.6666666665,11723337.575649725,316,0,0,10270
2020-08-21,reported_cases,NA,positivity-adjusted reported cases,187.5,175.16666666666666,172.2228119898667,190,0,0,325
2020-08-22,reported_cases,NA,positivity-adjusted reported cases,203,1015,2888.2674580258163,204,0,0,472
2020-08-23,reported_cases,NA,positivity-adjusted reported cases,65,189.08333333333334,275.64287116528595,66,0,0,434
2020-08-24,reported_cases,NA,positivity-adjusted reported cases,181.5,7709646,26705340.079181105,187,0,0,3599
2020-08-25,reported_cases,NA,positivity-adjusted reported cases,205.5,1976.0833333333333,6153.103229758185,239,0,0,617
2020-08-26,reported_cases,NA,positivity-adjusted reported cases,125,122.75,105.08968031681755,164,45,0,242
2020-08-27,reported_cases,NA,positivity-adjusted reported cases,159,610.5833333333334,1521.1402695665413,178,0,0,672
2020-08-28,reported_cases,NA,positivity-adjusted reported cases,66.5,109665.58333333333,379543.1831062797,77,0,0,396
2020-08-29,reported_cases,NA,positivity-adjusted reported cases,105.5,660952.25,1677209.3731897813,139,0,0,10270
2020-08-30,reported_cases,NA,positivity-adjusted reported cases,145.5,7633.083333333333,19822.362396859367,146,0,0,10270
2020-08-31,reported_cases,NA,positivity-adjusted reported cases,55.5,2315119.4166666665,8019613.661380345,70,0,0,207
2020-09-01,reported_cases,NA,positivity-adjusted reported cases,102,62948.75,178435.59341837655,130,0,0,10270
2020-09-02,reported_cases,NA,positivity-adjusted reported cases,78,355953.6666666667,1232554.5623200866,87,0,0,799
2020-09-03,reported_cases,NA,positivity-adjusted reported cases,59,4510,15361.045383460309,100,0,0,247
2020-09-04,reported_cases,NA,positivity-adjusted reported cases,27,2981.75,10196.569129993051,35,0,0,105
2020-09-05,reported_cases,NA,positivity-adjusted reported cases,57,1159144.6666666667,4015149.9064085297,57,0,0,237
2020-09-06,reported_cases,NA,positivity-adjusted reported cases,24.5,173282.75,536643.557748636,31,0,0,10270
2020-09-07,reported_cases,NA,positivity-adjusted reported cases,44,155902.75,394439.7508603183,50,0,0,10270
2020-09-08,reported_cases,NA,positivity-adjusted reported cases,56.5,2375020.25,8227135.4447930325,59,0,0,146
2020-09-09,reported_cases,NA,positivity-adjusted reported cases,34.5,309.75,856.2205668464809,42,0,0,247
2020-09-10,reported_cases,NA,positivity-adjusted reported cases,33.5,1018683.9166666666,3528699.8935607085,35,0,0,115
2020-09-11,reported_cases,NA,positivity-adjusted reported cases,28,88404.91666666667,306134.02447723574,32,0,0,86
2020-09-12,reported_cases,NA,positivity-adjusted reported cases,43.5,20661.416666666668,70209.79361684306,52,0,0,3875
2020-09-13,reported_cases,NA,positivity-adjusted reported cases,15,3341.1666666666665,11502.360902585753,17,0,0,70
2020-09-14,reported_cases,NA,positivity-adjusted reported cases,21,801770.5833333334,2777297.9385957285,26,0,0,209
2020-09-15,reported_cases,NA,positivity-adjusted reported cases,38.5,4010.75,13232.334646786465,50,0,0,1826
2020-09-16,reported_cases,NA,positivity-adjusted reported cases,12.5,71229.41666666667,246663.74790038593,14,0,0,165
2020-09-17,reported_cases,NA,positivity-adjusted reported cases,20,8749.75,30232.87905011845,21,0,0,81
2020-09-18,reported_cases,NA,positivity-adjusted reported cases,16,1096748,3799057.2534593367,23,0,0,320
2020-09-19,reported_cases,NA,positivity-adjusted reported cases,27,167877.58333333334,581444.549341076,28,0,0,86
2020-09-20,reported_cases,NA,positivity-adjusted reported cases,21,3674.25,11610.492998106967,21,0,0,3491
2020-09-21,reported_cases,NA,positivity-adjusted reported cases,18,156.41666666666666,498.2141668606043,19,0,0,29
2020-09-22,reported_cases,NA,positivity-adjusted reported cases,18,326201.1666666667,1129918.0932811685,23,0,0,81
2020-09-23,reported_cases,NA,positivity-adjusted reported cases,12,80562.25,279033.62160992355,15,0,0,39
2020-09-24,reported_cases,NA,positivity-adjusted reported cases,19,387178.5,911855.7052624759,25,0,0,10270
2020-09-25,reported_cases,NA,positivity-adjusted reported cases,13,859289.4166666666,2975344.3741836753,16,0,0,4083
2020-09-26,reported_cases,NA,positivity-adjusted reported cases,10,172.66666666666666,561.741178404389,13,0,0,41
2020-09-27,reported_cases,NA,positivity-adjusted reported cases,11,10269.5,34910.16677520643,17,0,0,2019
2020-09-28,reported_cases,NA,positivity-adjusted reported cases,9,916558.4166666666,3174983.4694527853,9,0,0,149
2020-09-29,reported_cases,NA,positivity-adjusted reported cases,11.5,7115480.083333333,22656859.995978728,12,0,0,10270
2020-09-30,reported_cases,NA,positivity-adjusted reported cases,4.5,6870.916666666667,23769.749313927772,6,0,0,31
2020-10-01,reported_cases,NA,positivity-adjusted reported cases,2.5,51991.666666666664,180075.75929406303,3,0,0,40
2020-10-02,reported_cases,NA,positivity-adjusted reported cases,5,10.333333333333334,12.309149097933272,7,0,0,25
2020-10-03,reported_cases,NA,positivity-adjusted reported cases,10,481561.8333333333,1668132.5167965977,14,0,0,51
2020-10-04,reported_cases,NA,positivity-adjusted reported cases,4.5,11871387,41101126.78432675,5,0,0,10270
2020-10-05,reported_cases,NA,positivity-adjusted reported cases,6,3422822,11855984.493030628,6,0,0,3187
2020-10-06,reported_cases,NA,positivity-adjusted reported cases,8.5,2120867.5,7110269.69340943,11,0,0,10270
2020-10-07,reported_cases,NA,positivity-adjusted reported cases,3.5,5.166666666666667,5.540484608494973,5,0,0,12
2020-10-08,reported_cases,NA,positivity-adjusted reported cases,12,1390276.3333333333,4812872.376532983,12,0,0,10009
2020-10-09,reported_cases,NA,positivity-adjusted reported cases,5.5,1603474.5833333333,5554413.409100656,6,0,0,529
2020-10-10,reported_cases,NA,positivity-adjusted reported cases,7,1902294.0833333333,4458864.574551309,8,0,0,10270
2020-10-11,reported_cases,NA,positivity-adjusted reported cases,3.5,57805.083333333336,200223.78757210568,5,0,0,21
2020-10-12,reported_cases,NA,positivity-adjusted reported cases,4.5,116147.83333333333,401381.7248115526,6,0,0,3029
2020-10-13,reported_cases,NA,positivity-adjusted reported cases,3.5,3719630.8333333335,12881439.34081279,5,0,0,10270
2020-10-14,reported_cases,NA,positivity-adjusted reported cases,1,454488.1666666667,1574372.092720017,2,0,0,38
2020-10-15,reported_cases,NA,positivity-adjusted reported cases,5.5,8835100.916666666,30605500.29422805,6,0,0,539
2020-10-16,reported_cases,NA,positivity-adjusted reported cases,1,2.5833333333333335,4.010403138505321,1,0,0,6
2020-10-17,reported_cases,NA,positivity-adjusted reported cases,0.5,515728.5833333333,1786530.864887257,1,0,0,5
2020-10-18,reported_cases,NA,positivity-adjusted reported cases,1.5,562191.4166666666,1947447.570281323,2,0,0,111
2020-10-19,reported_cases,NA,positivity-adjusted reported cases,1,1993851.3333333333,6305201.204468165,1,0,0,10270
2020-10-20,reported_cases,NA,positivity-adjusted reported cases,2.5,2067973.6666666667,4833622.377119751,3,0,0,10270
2020-10-21,reported_cases,NA,positivity-adjusted reported cases,0,11495.5,39814.65212136676,0,0,0,12
2020-10-22,reported_cases,NA,positivity-adjusted reported cases,2,3185.3333333333335,11005.991784092661,2,0,0,67
2020-10-23,reported_cases,NA,positivity-adjusted reported cases,2,2636475.5833333335,6330045.78271277,2,0,0,10270
2020-10-24,reported_cases,NA,positivity-adjusted reported cases,2,1682115.0833333333,4252915.296331585,3,0,0,10270
2020-10-25,reported_cases,NA,positivity-adjusted reported cases,1,8098.583333333333,28028.813828429982,2,0,0,68
2020-10-26,reported_cases,NA,positivity-adjusted reported cases,3,16694820.833333334,57825863.80579869,3,0,0,10270
2020-10-27,reported_cases,NA,positivity-adjusted reported cases,0,1609475.6666666667,4706796.421610086,0,0,0,10270
2020-10-28,reported_cases,NA,positivity-adjusted reported cases,0,334195.9166666667,1063256.062335919,0,0,0,10270
2020-10-29,reported_cases,NA,positivity-adjusted reported cases,1,87.91666666666667,296.0971764113732,1,0,0,19
2020-10-30,reported_cases,NA,positivity-adjusted reported cases,1.5,1740.5,5999.393249624196,2,0,0,79
2020-10-31,reported_cases,NA,positivity-adjusted reported cases,1,24914.916666666668,86304.02405182437,1,0,0,3
2020-11-01,reported_cases,NA,positivity-adjusted reported cases,2,2262716.25,7835943.556049742,2,0,0,7405
2020-11-02,reported_cases,NA,positivity-adjusted reported cases,0.5,1.0833333333333333,1.2401124093721456,1,0,0,3
2020-11-03,reported_cases,NA,positivity-adjusted reported cases,0.5,1009716.5,3495853.8454953777,1,0,0,6049
2020-04-18,infections,NA,Infections,1.0335340658986936,1.081822224591135,0.1571182948230421,1.0343584219512327,0.8830532718880515,0.8830532718880515,1.265070062947767
2020-04-19,infections,NA,Infections,3.220393055109656,3.199389160549355,0.2211651830759725,3.364362566884163,3.2079824429979493,2.8642628207781065,3.4266824129452904
2020-04-20,infections,NA,Infections,7.487986809472487,7.2585151989234875,0.5612938803151548,7.640603784685938,7.463426979304655,6.39885742065989,7.688750366038644
2020-04-21,infections,NA,Infections,9.818915785518763,9.6455741886174,0.8048609039010454,10.217239867586892,9.454773094768642,8.426765701282298,10.344986572406617
2020-04-22,infections,NA,Infections,12.160013307418641,11.849954258999505,1.0484929433094785,12.45064420397902,11.043761714966442,10.447784088978969,13.230628072906743
2020-04-23,infections,NA,Infections,14.460461610526044,14.487789530074767,1.228332804421744,14.80350973066675,14.260101515177494,13.230970238304947,16.813365621171975
2020-04-24,infections,NA,Infections,16.10618909598073,16.04141671158312,0.9796689483745845,16.147236909534854,14.861853151210365,14.861853151210365,17.02285997209435
2020-04-25,infections,NA,Infections,16.989924034551052,16.427096850925352,1.923120198745343,17.05342267677512,15.209686110316937,13.823351055084233,19.05757273666184
2020-04-26,infections,NA,Infections,16.532379040972312,16.271818002862428,0.9467524585948429,17.596227606623525,16.28396481104815,15.038886122593969,17.596227606623525
2020-04-27,infections,NA,Infections,14.582843463302716,14.122270605510106,0.6657402265770734,14.715973735591383,14.562379497787322,13.092910231811796,14.715973735591383
2020-04-28,infections,NA,Infections,13.473476937386,13.515472429740845,1.701477976394915,13.480340954820166,11.787547046126782,11.761298237585041,15.989889421334802
2020-04-29,infections,NA,Infections,11.576124836741275,11.213173239352969,0.9330644639407177,12.62645918688635,11.43228862341894,9.924538995063855,12.186084166311733
2020-04-30,infections,NA,Infections,10.707198816511067,10.914797349806356,0.5837322208731994,10.73301194282431,10.325266910073461,10.325266910073461,11.577792565074528
2020-05-01,infections,NA,Infections,11.72595573972065,11.894470699030677,0.8355150994264119,12.271374816895229,10.926342908359914,11.047766040202966,12.881913058246939
2020-05-02,infections,NA,Infections,15.853736754313365,15.705128033208954,3.5819406568234657,18.16389082457711,12.627619802426764,11.869424174641601,20.516253394348006
2020-05-03,infections,NA,Infections,16.37549777347575,16.770960383638794,4.674472629184059,19.038050967219664,12.448329892137757,12.351641385838802,23.707492870224073
2020-05-04,infections,NA,Infections,16.857279704828336,17.971870596664832,6.096199462665916,20.15986911475268,12.955726644871389,12.045522331542426,27.61400421616514
2020-05-05,infections,NA,Infections,17.228342800459963,19.24890349086235,7.872140302413205,21.07235771636614,13.382300670816107,11.714918619372074,32.262849273399965
2020-05-06,infections,NA,Infections,17.651063520927153,20.576122400873448,10.075228056960395,21.718646847928717,13.276535394792418,11.366856749565969,37.753384495271014
2020-05-07,infections,NA,Infections,17.75763338554195,21.945836706818042,12.798474480842486,22.07024937988821,13.048338527592781,11.0083252932599,44.22145278431165
2020-05-08,infections,NA,Infections,17.501398920817184,23.371064915803892,16.143578020031615,22.119927026823756,12.787472340392927,10.645675994262962,51.831034026254294
2020-05-09,infections,NA,Infections,17.087983198879677,24.891582530218237,20.21389035686992,21.878521400459153,11.89754834506961,10.28434037263278,60.77229722698584
2020-05-10,infections,NA,Infections,16.670920735208853,26.577301871765098,25.110718536636984,21.37209090112909,10.590412333161698,9.92871568449082,71.26139324123095
2020-05-11,infections,NA,Infections,16.13421190116425,28.52537939787492,30.93502771840104,20.40574594687686,8.880807931368398,8.880807931368398,83.54058870151147
2020-05-12,infections,NA,Infections,15.502967522597572,30.850993268963734,37.79521441304925,19.482090186404317,7.165835476132582,7.165835476132582,97.87828103781584
2020-05-13,infections,NA,Infections,14.80369039868517,33.67532940371002,45.817964858114735,18.43069720313814,5.533035848305256,5.533035848305256,114.56882128583834
2020-05-14,infections,NA,Infections,14.062411626310436,37.115699154421826,55.15735155925786,17.300344482715538,4.102388547038199,4.102388547038199,133.93231318488324
2020-05-15,infections,NA,Infections,13.303180856109599,41.2811080835172,65.99918313309061,16.13629333545829,2.9349028708189233,2.9349028708189233,156.31476014997298
2020-05-16,infections,NA,Infections,12.547011425712075,46.27353915573342,78.56119116669073,14.978032727731621,2.037816552131211,2.037816552131211,182.0891154537216
2020-05-17,infections,NA,Infections,11.811306192332609,52.192957775728416,93.09185835111205,13.857983023623628,1.3820057415656104,1.3820057415656104,211.6579444034137
2020-05-18,infections,NA,Infections,11.109722091337272,59.14362592318438,109.87064381436323,12.801091204503425,0.921363597624886,0.921363597624886,245.45851021031834
2020-05-19,infections,NA,Infections,10.452378275444314,67.2402073920938,129.21116163544488,11.825141660540572,0.6075957545913626,0.6075957545913626,283.97110307509524
2020-05-20,infections,NA,Infections,9.846318453853147,76.61335879558207,151.46784281463695,10.941597619496697,0.39856402199514696,0.39856402199514696,327.73150584618753
2020-05-21,infections,NA,Infections,9.296081430420232,87.41517829614108,177.04615095200666,10.15670291049415,0.2613175032392194,0.2613175032392194,377.3482165686791
2020-05-22,infections,NA,Infections,8.80436538194946,99.82524786733744,206.4164180466338,9.472781258352956,0.17190665421453066,0.17190665421453066,433.52507397698076
2020-05-23,infections,NA,Infections,8.37258278217388,114.05773039188807,240.13154030890678,8.889361128958015,0.11378194160696058,0.11378194160696058,497.0895508258308
2020-05-24,infections,NA,Infections,8.0013755705149,130.37010341447157,278.8489952653473,8.40424945399549,0.0758981112190691,0.0758981112190691,569.027508815318
2020-05-25,infections,NA,Infections,7.691138754534205,149.0737904595209,323.3575499998793,8.014542938816348,0.051051419914344545,0.051051419914344545,650.5241517369611
2020-05-26,infections,NA,Infections,7.442325687701899,170.5469157272704,374.60956181098356,7.717305112913129,0.03460920317115501,0.03460920317115501,743.0123011122364
2020-05-27,infections,NA,Infections,7.255784079552443,195.24955000422096,433.75954350108225,7.510156625228276,0.023613156964200882,0.023613156964200882,848.2283459942485
2020-05-28,infections,NA,Infections,7.133038155715003,223.74177934754607,502.21007053436875,7.391815251707813,0.016177236836659545,0.016177236836659545,968.2767167718353
2020-05-29,infections,NA,Infections,7.076520190136787,256.70500643136535,581.6663487384818,7.362448788436054,0.011095561215298049,0.011095561215298049,1105.7042922404448
2020-05-30,infections,NA,Infections,7.089812445680491,294.9672539181015,674.2011368907347,7.4239316504485435,0.0075921847062644585,0.0075921847062644585,1263.587007035323
2020-05-31,infections,NA,Infections,7.177877709177835,339.53286467517006,782.3315044566465,7.580129795994338,0.005162754984386648,0.005162754984386648,1445.6288372534802
2020-06-01,infections,NA,Infections,7.347352249855947,391.6177120922163,909.1101110637543,7.837140988496946,0.0034749881036478998,0.0034749881036478998,1656.277517594111
2020-06-02,infections,NA,Infections,7.60683939823989,452.6906178591051,1058.2330657342811,8.203465730418786,0.0023060951935312927,0.0023060951935312927,1900.85763388648
2020-06-03,infections,NA,Infections,7.967278368761015,524.5222176624919,1234.167545533235,8.690258212485936,0.0015035045538457934,0.0015035045538457934,2185.7251233405505
2020-06-04,infections,NA,Infections,8.454263941778452,609.2420791814487,1442.3019272864801,9.311306421117312,9.602613122180277e-4,9.602613122180277e-4,2518.444178987271
2020-06-05,infections,NA,Infections,9.0855975653608,709.4057097331994,1689.1223686324995,10.083100789323819,5.997666135451102e-4,5.997666135451102e-4,2907.991052454411
2020-06-06,infections,NA,Infections,9.872118006688805,828.0727312858006,1982.4198033115053,11.024741085323363,3.6635815796340896e-4,3.6635815796340896e-4,3364.9873363948514
2020-06-07,infections,NA,Infections,10.839898210813008,968.8980043705674,2331.5322848933984,12.157697973211713,2.1946412481132067e-4,2.1946412481132067e-4,3901.9668754270174
2020-06-08,infections,NA,Infections,12.019968357898502,1136.237844053131,2747.628682957998,13.505406915557453,1.2982603217079027e-4,1.2982603217079027e-4,4533.68141765303
2020-06-09,infections,NA,Infections,13.448949294496025,1335.274061606156,3244.041326287419,15.092695315016675,7.683898330159626e-5,7.683898330159626e-5,5277.451854844998
2020-06-10,infections,NA,Infections,15.169708421139077,1572.1594035601058,3836.6574314522577,16.945080172315897,4.6477886659603136e-5,4.6477886659603136e-5,6153.574428986029
2020-06-11,infections,NA,Infections,17.232001738467194,1854.189103578308,4544.382222483221,19.088020194455154,2.957702979010821e-5,2.957702979010821e-5,7185.794743480318
2020-06-12,infections,NA,Infections,19.693024144830574,2190.0047572387584,5389.690684844449,21.546255203085835,2.040274457696222e-5,2.040274457696222e-5,8401.866869649364
2020-06-13,infections,NA,Infections,22.617720887833784,2589.8385965181387,6399.289996678719,24.343404316555347,1.552146489325983e-5,1.552146489325983e-5,9834.220226382962
2020-06-14,infections,NA,Infections,26.078616570681234,3065.808467347507,7604.9208471766815,27.502008462161392,1.295970378424218e-5,1.295970378424218e-5,10270
2020-06-15,infections,NA,Infections,30.154810214276278,3632.2763483378744,9044.332975901905,31.04418126281755,1.1623870099907057e-5,1.1623870099907057e-5,10270
2020-06-16,infections,NA,Infections,34.92970490631754,4306.285998115978,10762.478104081802,34.99297266717694,1.0926257880112884e-5,1.0926257880112884e-5,10270
2020-06-17,infections,NA,Infections,39.883435738483,5108.09814595275,12812.971591366315,40.39241059953902,1.0558475797558968e-5,1.0558475797558968e-5,10270
2020-06-18,infections,NA,Infections,44.78591097004971,6061.844359439215,15259.882099547456,45.35133246830362,1.0361353504447582e-5,1.0361353504447582e-5,10270
2020-06-19,infections,NA,Infections,50.94953574836988,7196.323080116902,18179.9155672425,51.075517733353585,1.0253479316910828e-5,1.0253479316910828e-5,10270
2020-06-20,infections,NA,Infections,57.556962277757805,8545.962956275762,21665.0649664603,57.937213560051596,1.0193290379152375e-5,1.0193290379152375e-5,10270
2020-06-21,infections,NA,Infections,66.40610495884128,10151.979010525982,25825.799382150268,68.88472936579566,1.0159471946633185e-5,1.0159471946633185e-5,10270
2020-06-22,infections,NA,Infections,76.20574634383419,12063.745637770435,30794.86323722215,80.99197078288348,1.0140992679979734e-5,1.0140992679979734e-5,10270
2020-06-23,infections,NA,Infections,86.239299006837,14340.405966645414,36731.74666485723,92.71105173087885,1.0132080907899826e-5,1.0132080907899826e-5,10270
2020-06-24,infections,NA,Infections,97.13741054999058,17052.728510152196,43827.8680211228,105.16300486421248,1.0129690646753e-5,1.0129690646753e-5,10270
2020-06-25,infections,NA,Infections,108.89679840173326,20285.20785058424,52312.47542908759,118.17362292494046,1.0132208447844688e-5,1.0132208447844688e-5,10270
2020-06-26,infections,NA,Infections,121.52702150788525,24138.38483681728,62459.22151069458,131.56611950281712,1.0138773501162418e-5,1.0138773501162418e-5,10270
2020-06-27,infections,NA,Infections,135.06139001167924,28731.332036181993,74593.28948089223,145.18336473502026,1.0148897454434234e-5,1.0148897454434234e-5,10270
2020-06-28,infections,NA,Infections,149.56608305884538,34204.21108538377,89098.84595033633,158.90834459380096,1.016222825493033e-5,1.016222825493033e-5,10270
2020-06-29,infections,NA,Infections,165.14564658627484,40720.76028489189,106426.46524147964,172.67986332974607,1.0178383526216102e-5,1.0178383526216102e-5,10270
2020-06-30,infections,NA,Infections,181.9435636461188,48470.51529625282,127100.0159806527,186.50168519743625,1.019682368118752e-5,1.019682368118752e-5,10270
2020-07-01,infections,NA,Infections,202.1697736570364,55533.35524441707,147526.71846625194,218.04693862106043,1.0219327508579338e-5,1.0219327508579338e-5,10270
2020-07-02,infections,NA,Infections,222.1799098051763,65237.11272846266,174449.61709298604,238.7989073641161,1.0239936800997552e-5,1.0239936800997552e-5,10270
2020-07-03,infections,NA,Infections,244.0851437234489,76517.28561734692,205973.2629821932,261.4832220718419,1.0259626862680428e-5,1.0259626862680428e-5,10270
2020-07-04,infections,NA,Infections,268.0856292359415,89612.61948383875,242823.96330759782,286.13304265308466,1.027689183119438e-5,1.027689183119438e-5,10270
2020-07-05,infections,NA,Infections,294.15150065214004,104760.0973994061,285742.51717366354,313.0545083776617,1.0290251795735888e-5,1.0290251795735888e-5,10270
2020-07-06,infections,NA,Infections,319.07673149771995,122198.49287440348,335491.2231789285,336.0078032622247,1.029847136705317e-5,1.029847136705317e-5,10270
2020-07-07,infections,NA,Infections,342.81609060947324,142164.3716689285,392841.9926462408,355.19414845885774,1.0300763929583972e-5,1.0300763929583972e-5,10270
2020-07-08,infections,NA,Infections,367.3737427047381,164885.6452085804,458557.42801635945,375.03167620498607,1.0296924899162127e-5,1.0296924899162127e-5,10270
2020-07-09,infections,NA,Infections,392.5902232135035,190574.42129272965,533369.2154321254,395.7190470105616,1.0287355230937742e-5,1.0287355230937742e-5,10270
2020-07-10,infections,NA,Infections,422.9245478838551,232369.170839816,660186.9567535879,445.9187250739448,1.0259549116893489e-5,1.0259549116893489e-5,10270
2020-07-11,infections,NA,Infections,449.74543146549536,271449.8593411572,777928.9751882512,477.6712197718072,1.0242449071993307e-5,1.0242449071993307e-5,10270
2020-07-12,infections,NA,Infections,475.82971001461675,316177.9674341766,913958.225533525,510.1746326645246,1.0223277430687027e-5,1.0223277430687027e-5,10270
2020-07-13,infections,NA,Infections,501.31671710465884,366804.2858637076,1069254.7379520817,544.030528132345,1.0203285816229424e-5,1.0203285816229424e-5,10270
2020-07-14,infections,NA,Infections,525.9755617464132,423683.7387536676,1245157.580485808,579.0956588707751,1.0183522699417422e-5,1.0183522699417422e-5,10270
2020-07-15,infections,NA,Infections,549.4227409671615,487210.4662812445,1443143.5275464149,614.8206946386111,1.0164771007536134e-5,1.0164771007536134e-5,10270
2020-07-16,infections,NA,Infections,571.1963540648948,557812.5796259113,1664801.9719156884,650.3671195791231,1.0147540744355183e-5,1.0147540744355183e-5,10270
2020-07-17,infections,NA,Infections,590.7910724844804,635967.7132437938,1911879.0640794004,684.6735649600379,1.0132100391317086e-5,1.0132100391317086e-5,10270
2020-07-18,infections,NA,Infections,607.6850170316484,722229.2488104035,2186358.5495796367,716.5238291617075,1.0118528222021477e-5,1.0118528222021477e-5,10270
2020-07-19,infections,NA,Infections,621.3698995138775,817259.2258323212,2490566.875365967,744.6332806303396,1.0106767875282463e-5,1.0106767875282463e-5,10270
2020-07-20,infections,NA,Infections,629.1522703186539,921865.5632840635,2827295.2168147406,763.2838960138828,1.0096678174234905e-5,1.0096678174234905e-5,10270
2020-07-21,infections,NA,Infections,633.1691691879746,1037041.7442773264,3199932.5420278874,776.3895576721924,1.0088072597171251e-5,1.0088072597171251e-5,10270
2020-07-22,infections,NA,Infections,665.6148058147058,1035298.7972513768,3216343.682660972,798.3255628914026,1.0088174513642427e-5,1.0088174513642427e-5,10270
2020-07-23,infections,NA,Infections,669.21719423264,1122675.210711439,3507538.4996817755,801.8319569873378,1.0081360692470228e-5,1.0081360692470228e-5,10270
2020-07-24,infections,NA,Infections,668.753524508556,1212853.962908103,3809256.885004678,797.8914125434692,1.0075518994981119e-5,1.0075518994981119e-5,10270
2020-07-25,infections,NA,Infections,664.1969365329217,1308190.083369097,4129154.4870685264,786.7248671510565,1.0070465748248853e-5,1.0070465748248853e-5,10270
2020-07-26,infections,NA,Infections,655.8384520603076,1410131.580772795,4471979.376325274,768.9531518387597,1.0066044391911686e-5,1.0066044391911686e-5,10270
2020-07-27,infections,NA,Infections,644.1308810442486,1519893.5213341517,4841754.217669239,745.4925664479654,1.0062126431064893e-5,1.0062126431064893e-5,10270
2020-07-28,infections,NA,Infections,629.6039722195616,1638646.1712360228,5242390.132733843,717.4452427882284,1.0058611581047887e-5,1.0058611581047887e-5,10270
2020-07-29,infections,NA,Infections,612.8007235419846,1767564.808420687,5677849.730218021,685.9894038799732,1.005542708552236e-5,1.005542708552236e-5,10270
2020-07-30,infections,NA,Infections,594.2283599068732,1907828.6099193776,6152142.482624454,652.2811356506146,1.0052526132467313e-5,1.0052526132467313e-5,10270
2020-07-31,infections,NA,Infections,574.3247564157226,2060595.90967048,6669241.079204707,617.377022456842,1.0049885344756276e-5,1.0049885344756276e-5,10270
2020-08-01,infections,NA,Infections,548.0360758987964,2226965.512980638,7232950.0822929535,571.372269472886,1.0047501472105925e-5,1.0047501472105925e-5,10270
2020-08-02,infections,NA,Infections,521.5207867936485,2407928.06523938,7846740.030339312,526.7872622473614,1.004538760568469e-5,1.004538760568469e-5,10270
2020-08-03,infections,NA,Infections,512.5534991762354,2344899.07531135,7669553.374781404,522.3369482501691,1.0045828131317127e-5,1.0045828131317127e-5,10270
2020-08-04,infections,NA,Infections,483.39269948203673,2469427.178213845,8101401.526592671,952.1469208713179,469.257045708111,1.0044264499255972e-5,10270
2020-08-05,infections,NA,Infections,465.09693413977726,2593232.1798970746,8531628.63179091,859.1043279099841,437.2663983397025,1.0043092923613286e-5,10270
2020-08-06,infections,NA,Infections,452.285369471115,2718862.610465909,8968812.627113063,772.7211004163408,407.06418341262975,1.0042364297718483e-5,10270
2020-08-07,infections,NA,Infections,436.9423605260879,2846504.670919251,9413604.165319426,693.1589876077304,378.7017414679025,1.0042137178952867e-5,10270
2020-08-08,infections,NA,Infections,412.28261477235856,2975423.1166482265,9863537.10222434,620.1263166681879,352.12117697696567,1.0042480008074656e-5,10270
2020-08-09,infections,NA,Infections,387.288082214876,3104447.021912323,10314652.42748778,553.2102579060303,327.20737736050336,1.0043474720608259e-5,10270
2020-08-10,infections,NA,Infections,362.16242755693213,3232195.82729484,10762254.425784362,491.99828357698294,303.81961524922224,1.0045221327541355e-5,10270
2020-08-11,infections,NA,Infections,337.13393343990936,3357225.1794323423,11201400.5587113,436.11222884961154,281.81229483201037,1.0047842880712326e-5,10270
2020-08-12,infections,NA,Infections,312.44494973721805,3478146.226255919,11627305.442185096,385.2224569970969,261.0498387264,1.0051489969066414e-5,10270
2020-08-13,infections,NA,Infections,288.3386422776914,3593734.2025578674,12035711.841728086,339.0395631196102,241.41619072125778,1.0056343440705359e-5,10270
2020-08-14,infections,NA,Infections,265.0455868365071,3703026.6323213815,12423229.367004182,311.27122089391827,222.8203550455176,1.0062613370234135e-5,10270
2020-08-15,infections,NA,Infections,239.42260289443908,3805406.7232448994,12787625.21439543,287.5714175664394,205.19837019186994,1.0070531432119331e-5,10270
2020-08-16,infections,NA,Infections,212.08942215712966,3900666.479662623,13128047.582253587,264.8463289955925,188.5121908100892,1.0080333006146121e-5,10270
2020-08-17,infections,NA,Infections,187.37189826458354,3989045.379168206,13445166.744418869,243.34696305255028,172.74602716302144,1.009222500094499e-5,10270
2020-08-18,infections,NA,Infections,165.1521428732936,4071243.0164756663,13741227.446194172,223.246130804993,157.78211290386022,1.0106336322655577e-5,10270
2020-08-19,infections,NA,Infections,145.3683893647514,4148407.1149644605,14020016.576866558,204.64386711521036,143.26786880031997,1.0122651127057852e-5,10270
2020-08-20,infections,NA,Infections,130.4389843130501,4222101.07308738,14286759.681824788,187.57680790233516,126.49500568821169,1.0140931224884662e-5,10270
2020-08-21,infections,NA,Infections,118.27672664646593,4294257.249706585,14547967.066072948,172.0296615950876,108.904360040342,1.0160642934115829e-5,10270
2020-08-22,infections,NA,Infections,107.1345188684399,4367124.1542405225,14811256.61917587,157.94680079562906,93.70889366761548,1.0180912902673106e-5,10270
2020-08-23,infections,NA,Infections,96.99444100150791,4443210.413970243,15085166.00579751,145.2447876695792,80.6418011889555,1.020054214866032e-5,10270
2020-08-24,infections,NA,Infections,87.82670401273742,4525240.122276011,15378999.072157888,133.82124124930803,69.45048232034873,1.0218101861259868e-5,10270
2020-08-25,infections,NA,Infections,79.58978539723194,4616116.592623614,15702701.7413208,123.56351624019857,59.897937293948374,1.0232114809585624e-5,10270
2020-08-26,infections,NA,Infections,72.23189383888734,4718901.60269638,16066789.588474294,114.35523581688803,51.765778154763595,1.0241295604809638e-5,10270
2020-08-27,infections,NA,Infections,65.6931506580427,4836810.953150266,16482330.815885283,106.08119410351956,44.856039349382726,1.024479307673483e-5,10270
2020-08-28,infections,NA,Infections,59.90809701410891,4973226.622001502,16960985.957053836,98.63085630963764,38.99188574364925,1.0242364625510115e-5,10270
2020-08-29,infections,NA,Infections,54.80819265702791,5131724.8407538505,17515102.306079164,55.44401516425794,1.0234426680807301e-5,1.0234426680807301e-5,10270
2020-08-30,infections,NA,Infections,50.324062684770254,5316118.892394135,18157859.19178849,50.881476790975775,1.022196472163838e-5,1.022196472163838e-5,10270
2020-08-31,infections,NA,Infections,46.38734824866735,5530515.301174002,18903459.69774316,46.863632745107786,1.0206333554522964e-5,1.0206333554522964e-5,10270
2020-09-01,infections,NA,Infections,42.93210734212492,5779382.28901077,19767365.070177335,43.32580861413852,1.0189011603892431e-5,1.0189011603892431e-5,10270
2020-09-02,infections,NA,Infections,39.89578252342636,6067629.848888509,20766569.6402414,40.206304273002694,1.0171378167232304e-5,1.0171378167232304e-5,10270
2020-09-03,infections,NA,Infections,37.219739586599836,6400703.442414654,21919922.49759323,37.44718290060247,1.0154561973240685e-5,1.0154561973240685e-5,10270
2020-09-04,infections,NA,Infections,34.84977071221016,6784683.0394650325,23248470.732547145,34.99466172953346,1.013937707780197e-5,1.013937707780197e-5,10270
2020-09-05,infections,NA,Infections,32.736058726965204,7226406.991214394,24775884.968716282,32.79945679746344,1.0126334065394414e-5,1.0126334065394414e-5,10270
2020-09-06,infections,NA,Infections,30.833298666012702,7733607.193619271,26528926.688619208,30.849688026286707,1.0115699819098862e-5,1.0115699819098862e-5,10270
2020-09-07,infections,NA,Infections,29.10074918263582,8315068.584002222,28537999.294823177,29.194394188494904,1.0107578057760359e-5,1.0107578057760359e-5,10270
2020-09-08,infections,NA,Infections,27.50232740277243,8980817.779538186,30837800.096635304,27.669658756797485,1.0101990204160174e-5,1.0101990204160174e-5,10270
2020-09-09,infections,NA,Infections,26.00676609766989,9742349.413753487,33468102.76016926,26.242974765616946,1.0098945892139877e-05,1.0098945892139877e-05,10270
2020-09-10,infections,NA,Infections,24.58781822155465,10612901.014047021,36474707.68734999,24.88670499829343,1.0098500511955304e-5,1.0098500511955304e-5,10270
2020-09-11,infections,NA,Infections,23.224461820208084,11607789.843578491,39910606.73619415,23.578379725858714,1.0100802126862988e-5,1.0100802126862988e-5,10270
2020-09-12,infections,NA,Infections,21.901034310606008,12744827.99465073,43837418.62695827,22.30095666536484,1.0106132038961468e-5,1.0106132038961468e-5,10270
2020-09-13,infections,NA,Infections,20.607215497357075,14044835.170008374,48327162.303083375,21.042947111685013,1.0114943001747767e-5,1.0114943001747767e-5,10270
2020-09-14,infections,NA,Infections,19.337788022720055,15532272.043915076,53464447.50265291,19.798315643051993,1.0127897214112338e-5,1.0127897214112338e-5,10270
2020-09-15,infections,NA,Infections,18.09213286459136,17236020.90215467,59349175.0023416,18.566087405867908,1.0145903055922691e-5,1.0145903055922691e-5,10270
2020-09-16,infections,NA,Infections,16.87346124038545,19190344.48749986,66099853.65692009,17.34964354220864,1.0170145034179029e-5,1.0170145034179029e-5,10270
2020-09-17,infections,NA,Infections,15.687833082508671,21436058.697258476,73857657.72407426,16.155742134903676,1.0202095664440887e-5,1.0202095664440887e-5,10270
2020-09-18,infections,NA,Infections,14.543053869855488,24021960.030337088,82791366.16905557,14.993355144664488,1.0243491669655302e-5,1.0243491669655302e-5,10270
2020-09-19,infections,NA,Infections,13.447565173724406,27006554.404998932,93103345.4879876,13.872447322502357,1.029625176912386e-5,1.029625176912386e-5,10270
2020-09-20,infections,NA,Infections,12.409444035649905,30460139.92757459,105036758.25307621,12.802831973963693,1.0362312800849343e-5,1.0362312800849343e-5,10270
2020-09-21,infections,NA,Infections,11.43560340404414,34467301.866352655,118884199.26962204,11.793219616116422,1.0443369373829507e-5,1.0443369373829507e-5,10270
2020-09-22,infections,NA,Infections,10.531247634809072,39129882.55241216,134997976.7582991,10.850535782870294,1.0540523319119486e-5,1.0540523319119486e-5,10270
2020-09-23,infections,NA,Infections,9.69959405182562,44570490.74233288,153802262.32760862,9.979535248855257,1.0653882610984412e-5,1.0653882610984412e-5,10270
2020-09-24,infections,NA,Infections,8.94183383485088,50936612.039264515,175807323.4223133,9.182694070730637,1.0782187791827694e-5,1.0782187791827694e-5,10270
2020-09-25,infections,NA,Infections,8.257279858366413,58405371.43412447,201626015.57465133,8.460327301393432,1.092257228741315e-5,1.092257228741315e-5,10270
2020-09-26,infections,NA,Infections,7.643637829336252,67188977.26503123,231992636.56463537,7.810862995716346,1.1070563322116385e-5,1.1070563322116385e-5,10270
2020-09-27,infections,NA,Infections,7.097338591111523,77540838.5578856,267784115.46767595,7.231201376743405,1.1220390625089018e-5,1.1220390625089018e-5,10270
2020-09-28,infections,NA,Infections,6.613879842568507,89762290.02852152,310043309.9784721,6.71709767033672,1.1365594591520402e-5,1.1365594591520402e-5,10270
2020-09-29,infections,NA,Infections,6.188140247430913,104209776.37243186,360003899.3094779,6.263522921749343,1.149983646880905e-5,1.149983646880905e-5,10270
2020-09-30,infections,NA,Infections,5.8146441552311074,121302236.37107795,419115975.3151005,5.864974394226441,1.1617744050398107e-5,1.1617744050398107e-5,10270
2020-10-01,infections,NA,Infections,5.487768407490497,141528286.99113736,489070948.4256508,5.515722666663943,1.1715606626636055e-5,1.1715606626636055e-5,10270
2020-10-02,infections,NA,Infections,5.201892777617482,165452641.88401717,571823810.7265435,7.848108309534745,2.740899218761669,1.1791772660377727e-5,10270
2020-10-03,infections,NA,Infections,4.951502314329975,193721018.302729,669610173.4123915,7.217231958946181,2.6366205237946208,1.1846687874343027e-5,10270
2020-10-04,infections,NA,Infections,4.731253621016754,227062611.36357197,784954888.8206389,6.63995632336307,2.440310421045656,1.1882607319181987e-5,10270
2020-10-05,infections,NA,Infections,4.536018491114184,266289075.1240342,920668583.3227478,6.113790116070043,2.2639234410688194,1.190308790942247e-5,10270
2020-10-06,infections,NA,Infections,4.360917866903022,312288886.2397854,1079828205.4574916,5.636095407172659,2.1038548507170862,1.1912397120823691e-5,10270
2020-10-07,infections,NA,Infections,4.201357161015235,366016024.24600303,1265737894.05745,5.204084363231683,1.956988181669677,1.1914958861938967e-5,10270
2020-10-08,infections,NA,Infections,4.053070829818418,428472127.6726506,1481867249.3709595,4.814835335824648,1.8206855447785337,1.1914914916253894e-5,10270
2020-10-09,infections,NA,Infections,3.912179935807588,500681709.53446394,1731765558.3644629,4.465322826967837,1.6927783812193786,1.19158310503598e-5,10270
2020-10-10,infections,NA,Infections,3.7482747089458623,583660645.329895,2018952704.913354,4.152455389384982,1.5715566567049382,1.1920537496907067e-5,10270
2020-10-11,infections,NA,Infections,3.549777445523463,678378948.6696728,2346790272.9306235,3.8731159027016075,1.4557527753942092,1.193107149738788e-5,10270
2020-10-12,infections,NA,Infections,3.3650098602035987,785719744.7070754,2718339451.165981,3.6241996781967996,1.3445159042862485,1.1948684232967341e-5,10270
2020-10-13,infections,NA,Infections,3.191638781457706,906437216.3526937,3136215345.5147233,3.4575003734975005,1.2373731178778793,1.1973880666482385e-5,10270
2020-10-14,infections,NA,Infections,3.0277171579154256,1041116981.080359,3602449672.5851226,3.317552241869635,1.1341757104441366,1.2006472608129579e-5,10270
2020-10-15,infections,NA,Infections,2.871691780766868,1190142704.9239428,4118375020.0965486,3.1733861235647924,1.0350317825405808,1.204563791768988e-5,10270
2020-10-16,infections,NA,Infections,2.7223859162530752,1353672658.3306553,4684543510.737277,3.025449754767835,0.9402291267433119,1.2089989042952224e-5,10270
2020-10-17,infections,NA,Infections,2.5789577978946547,1531629318.4895747,5300690631.639181,2.8746597009515873,0.8501547524099884,1.2137660273497487e-5,10270
2020-10-18,infections,NA,Infections,2.4408398725956193,1723704068.0579205,5965751341.512431,2.72227021295066,0.7652184724204221,1.2186424269838308e-5,10270
2020-10-19,infections,NA,Infections,2.307666849665317,1929377665.8093626,6677930808.606205,2.569729788015932,0.6857875429838913,1.2233844479368449e-5,10270
2020-10-20,infections,NA,Infections,2.1792022396517194,2147955674.1627316,7434826969.71177,2.4185407531632723,0.6121375518618287,1.2277461763467086e-5,10270
2020-10-21,infections,NA,Infections,2.055272845554996,2378616652.396011,8233597332.086533,2.296509623139006,0.5444221067695874,1.2315002856889641e-5,10270
2020-10-22,infections,NA,Infections,1.9357187064791417,2620469871.209235,9071158789.307226,2.201342467732078,0.4826610706309026,1.2344588122168844e-5,10270
2020-10-23,infections,NA,Infections,1.820362815014473,2872618717.9169073,9944407187.100323,2.108686561982449,0.4267447505276198,1.236490981228431e-5,10270
2020-10-24,infections,NA,Infections,1.7090012723426145,3134225895.4531655,10850443142.19147,2.0170182937439933,0.37644996811669285,1.2375352372006136e-5,10270
2020-10-25,infections,NA,Infections,1.5936398395965146,3404576933.3771815,11786792051.036734,1.9251008470286406,0.33146342419509084,1.2376033987428579e-5,10270
2020-10-26,infections,NA,Infections,1.4723440700395987,3683139311.8215904,12751608933.774033,1.8320210014631966,0.29140807528632,1.2367761977723152e-5,10270
2020-10-27,infections,NA,Infections,1.3583690104694213,3969615494.3556356,13743862203.56358,1.7372154254237184,0.25586908193238295,1.235191001706767e-5,10270
2020-10-28,infections,NA,Infections,1.2515797655267695,4263989210.9613366,14763494071.30297,1.3839630694921141,1.2330238190584312e-5,1.2330238190584312e-5,10270
2020-10-29,infections,NA,Infections,1.1516908481864854,4566565289.069539,15811558610.016296,1.282544548032752,1.2304684127218776e-5,1.2304684127218776e-5,10270
2020-10-30,infections,NA,Infections,1.0583155573282634,4878004102.425353,16890341177.69866,1.1868597306594293,1.2277153707827934e-5,1.2277153707827934e-5,10270
2020-10-31,infections,NA,Infections,0.9710119870321731,5199352246.356108,18003464765.170498,1.0964888459327031,1.2249334295811774e-5,1.2249334295811774e-5,10270
2020-11-01,infections,NA,Infections,0.8893232171602268,5532071349.366934,19155989880.933186,1.0110132732150041,1.222254485868433e-5,1.222254485868433e-5,10270
2020-11-02,infections,NA,Infections,0.8128101969404338,5878067022.393548,20354514903.170406,0.9300478813661381,1.2197628868670634e-5,1.2197628868670634e-5,10270
2020-11-03,infections,NA,Infections,0.7410765328262781,6239719873.344765,21607283575.10321,0.8532652547570849,1.2174889859670903e-5,1.2174889859670903e-5,10270
2020-05-02,R,NA,Effective reproduction number (R),1.2369050343633836,1.2712617892094626,0.3139365442351949,1.400693550855927,0.9407517275674245,0.9407517275674245,1.6716536394346453
2020-05-03,R,NA,Effective reproduction number (R),1.2210679619070102,1.2663265562920847,0.2874107712381523,1.428613182423016,1.0105108796918103,0.9637826985074074,1.6696686616566927
2020-05-04,R,NA,Effective reproduction number (R),1.2146208038406447,1.2574057127286538,0.27216446955391976,1.383576429612039,1.0599000514241366,0.9488047412547819,1.6691249451408805
2020-05-05,R,NA,Effective reproduction number (R),1.1958181058759294,1.2432512864875274,0.2669052687759463,1.377170375013968,1.0837898378765665,0.9350632950367727,1.6697430271935338
2020-05-06,R,NA,Effective reproduction number (R),1.1638542202869173,1.2231548796008425,0.2693126900148323,1.2482226078389724,0.9924088646845606,0.9226766407384293,1.6712003702559337
2020-05-07,R,NA,Effective reproduction number (R),1.1188415249539831,1.1971104350982351,0.2775608260670972,1.1904209544137487,0.9760471514941185,0.9117217064049193,1.6731450434961077
2020-05-08,R,NA,Effective reproduction number (R),1.0623746078663299,1.165837811080932,0.2909413918749158,1.135169335674469,0.9612203732928646,0.9022338240843595,1.6752112287323677
2020-05-09,R,NA,Effective reproduction number (R),1.0132407798275325,1.130656260935482,0.3093398907600333,1.0827099210735505,0.9125312913271809,0.8942081164591331,1.6770360154188928
2020-05-10,R,NA,Effective reproduction number (R),0.9826729911792016,1.0932442933989346,0.3323230885658938,1.033281448355574,0.8247321969062413,0.8189950142838139,1.6782767443078532
2020-05-11,R,NA,Effective reproduction number (R),0.9543726221962856,1.0553554511964862,0.3586584410407383,0.9871149088669382,0.7275306105706267,0.7219486124141075,1.6786279774337276
2020-05-12,R,NA,Effective reproduction number (R),0.9283903436158997,1.0185648747212512,0.38649276244613767,0.9444288800234308,0.6307985741536511,0.6254872534075009,1.6778370535290352
2020-05-13,R,NA,Effective reproduction number (R),0.9038149101515958,0.9841000927566425,0.41386344352206217,0.9073270822333104,0.539600421033805,0.534646059655779,1.6757171677188598
2020-05-14,R,NA,Effective reproduction number (R),0.8719445181219228,0.9527744999303499,0.43914410536535087,0.873508512919736,0.4527615647472896,0.4527615647472896,1.6721570135864698
2020-05-15,R,NA,Effective reproduction number (R),0.8558854728144805,0.9250098714669415,0.46125606166339256,0.8724388651467184,0.3815499722185041,0.3815499722185041,1.667126245921906
2020-05-16,R,NA,Effective reproduction number (R),0.842252573825871,0.9009158729064848,0.4796730412392174,1.332996347999836,0.8094770949046289,0.3214143951072457,1.6606763430933418
2020-05-17,R,NA,Effective reproduction number (R),0.8310503135735952,0.8803916977070975,0.49431214573046045,1.3254698343334466,0.7869381297041694,0.2718421674635576,1.652936829061722
2020-05-18,R,NA,Effective reproduction number (R),0.8222881083404411,0.8632228670455621,0.5053916950681978,1.3168912967777673,0.7687737076367789,0.23178527379064928,1.644107204524075
2020-05-19,R,NA,Effective reproduction number (R),0.8156996980255223,0.8491579970830606,0.5133032423392156,1.3073464825008636,0.7550765611874553,0.19996409737477694,1.634445280600146
2020-05-20,R,NA,Effective reproduction number (R),0.809568719654461,0.8379607539816116,0.5185165033814199,1.296976392796645,0.745930663372151,0.17507618606693992,1.6242528617822791
2020-05-21,R,NA,Effective reproduction number (R),0.8062135348285928,0.8294389418388758,0.5215185225889202,1.2859693400778358,0.7414141814011952,0.15591834455330508,1.613859859706309
2020-05-22,R,NA,Effective reproduction number (R),0.8057564997088525,0.8234556927529927,0.5227805442731892,1.274550916274642,0.7416009267670771,0.14144214696157054,1.6036079292433696
2020-05-23,R,NA,Effective reproduction number (R),0.808338998330014,0.8199281673231,0.5227442588694375,1.2629726319123302,0.7465595531910092,0.13076445450690627,1.593834617683726
2020-05-24,R,NA,Effective reproduction number (R),0.8141378069330238,0.8188183003486009,0.5218202011636471,1.2515000141806487,0.7563498199338625,0.1231508356556902,1.5848588362570706
2020-05-25,R,NA,Effective reproduction number (R),0.8233040083068571,0.8201188933870259,0.5203930080520827,1.2404008995568832,0.7710153572917005,0.11798472594224638,1.5769682388872477
2020-05-26,R,NA,Effective reproduction number (R),0.8359934329472906,0.8238373080055728,0.5188298966495407,1.2299345391009715,0.7905725628567135,0.1147308790432003,1.5704088639894664
2020-05-27,R,NA,Effective reproduction number (R),0.8523564924926558,0.8299783770187814,0.5174896752066218,1.2203419769436097,0.8149955475631502,0.11289900767391074,1.5653771927944689
2020-05-28,R,NA,Effective reproduction number (R),0.872517579822698,0.8385279449688311,0.5167298246249652,1.2118379914675728,0.8441974654640082,0.11201251816809633,1.5620146228514753
2020-05-29,R,NA,Effective reproduction number (R),0.896559587093561,0.8494385527027639,0.5169089214389551,1.204604728365757,0.8780091140030499,0.11158738049125168,1.5604042564782734
2020-05-30,R,NA,Effective reproduction number (R),0.9245072689253824,0.8626189569486945,0.5183813771587327,1.1987870232184115,0.9161563677759147,0.11112648073983174,1.560569858069765
2020-05-31,R,NA,Effective reproduction number (R),0.9603025725130971,0.8779290985440136,0.5214818150645971,1.1944893187641445,0.9521517676346315,0.11013399971369993,1.5624768295626301
2020-06-01,R,NA,Effective reproduction number (R),1.004662552683842,0.89518148062142,0.5264981094242424,1.1917740310945024,0.9777006533609158,0.10815124351377488,1.566035072704973
2020-06-02,R,NA,Effective reproduction number (R),1.0446363568753192,0.9141485569627441,0.5336355141688354,1.1906612053472252,1.0074970156761922,0.10480952056072175,1.571103630884454
2020-06-03,R,NA,Effective reproduction number (R),1.085551521501277,0.9345739258825457,0.5429787959349671,1.191129316067748,1.0416721799812574,0.09988833914123342,1.5774970143126792
2020-06-04,R,NA,Effective reproduction number (R),1.128974758416312,0.956183603897519,0.5544630050212916,1.1931170985093986,1.080256410596909,0.09336145056241131,1.5849930967754835
2020-06-05,R,NA,Effective reproduction number (R),1.1709057392299376,0.9786933436714423,0.5678639690712447,1.2056277637972128,1.1216437041681158,0.08541286972309534,1.593342422792535
2020-06-06,R,NA,Effective reproduction number (R),1.1952692132990879,1.001809419266062,0.582815212468177,1.254859647908073,1.1646159177417066,0.07641213706943184,1.6022786815108416
2020-06-07,R,NA,Effective reproduction number (R),1.2287872575226797,1.0252231778081584,0.5988497225963196,1.3015557029191305,1.2070544685474196,0.06685112551164357,1.6115299966707612
2020-06-08,R,NA,Effective reproduction number (R),1.2808485344486087,1.0486026741858612,0.6154562961063542,1.3446421749445046,1.2138295817629747,0.05725819837549152,1.6208305663057008
2020-06-09,R,NA,Effective reproduction number (R),1.3350579253343815,1.0715863443880855,0.6321352594238517,1.3831868652278472,1.221350017475039,0.04811303794004073,1.6299320820245702
2020-06-10,R,NA,Effective reproduction number (R),1.3903531878854198,1.0937831318937896,0.6484394572809833,1.4164620466289068,1.2294043347111865,0.03978351033814481,1.6386142876384444
2020-06-11,R,NA,Effective reproduction number (R),1.4423661538775847,1.1147811788681974,0.6639927369964873,1.4482596366732656,1.237777568820265,0.03249614266142306,1.6466940195387625
2020-06-12,R,NA,Effective reproduction number (R),1.4654690637268946,1.1341644164015172,0.6784866167794361,1.6540321187374156,1.4637552187835228,0.02633955600915057,1.6540321187374156
2020-06-13,R,NA,Effective reproduction number (R),1.4811858516777978,1.151534403086136,0.6916629067233326,1.6605377190894002,1.4795883931863827,0.02129108979625672,1.6605377190894002
2020-06-14,R,NA,Effective reproduction number (R),1.4914072977724258,1.1665341060834145,0.703293452371943,1.6661695891824198,1.4899382102541012,0.017253599635372537,1.6661695891824198
2020-06-15,R,NA,Effective reproduction number (R),1.4967238336716973,1.1788707150879836,0.713167370872583,1.6709344180871843,1.4953919385382655,0.014091332342776673,1.6709344180871843
2020-06-16,R,NA,Effective reproduction number (R),1.497902050396588,1.188335361922408,0.721092094791117,1.6752403133520821,1.4967125512547959,0.011658276290617015,1.6752403133520821
2020-06-17,R,NA,Effective reproduction number (R),1.4958229289259584,1.1948182449812943,0.7269089723210146,1.7075459562300268,1.4947771746155805,0.009816876920547238,1.7075459562300268
2020-06-18,R,NA,Effective reproduction number (R),1.4914184833777826,1.198317964480115,0.7305189668569748,1.7310121724148841,1.4905139344566687,0.008448056830183065,1.7310121724148841
2020-06-19,R,NA,Effective reproduction number (R),1.4856124237459138,1.1989440222034096,0.7319106177313388,1.7448841493530367,1.4848427873356513,0.007454845945499625,1.7448841493530367
2020-06-20,R,NA,Effective reproduction number (R),1.4792688230980486,1.1969116994661344,0.7311815857257186,1.748821519780086,1.4786243095301859,0.006762057941807429,1.748821519780086
2020-06-21,R,NA,Effective reproduction number (R),1.4732179055836676,1.192529078774479,0.7285467104891759,1.742926016686526,1.4724847465536994,0.006313948966713561,1.742926016686526
2020-06-22,R,NA,Effective reproduction number (R),1.4680395491546996,1.186176810619769,0.7243288173176434,1.727730968031271,1.4671578153593976,0.006071125082446887,1.727730968031271
2020-06-23,R,NA,Effective reproduction number (R),1.4641873971536397,1.1782821727136357,0.7189324949155887,1.7041543111496253,1.4631755739070968,0.006007372049443013,1.7041543111496253
2020-06-24,R,NA,Effective reproduction number (R),1.4619772562862658,1.1692897768239565,0.7128047228370401,1.690160267572656,1.4608571031567237,0.0061066471012047865,1.690160267572656
2020-06-25,R,NA,Effective reproduction number (R),1.461558053964124,1.1596317347238483,0.7063888060403224,1.6915013755862638,1.4603540513566222,0.006360193789042018,1.6915013755862638
2020-06-26,R,NA,Effective reproduction number (R),1.462913737940437,1.1497000974985487,0.7000791591505685,1.692794136502336,1.461652532754197,0.006763590876283521,1.692794136502336
2020-06-27,R,NA,Effective reproduction number (R),1.4649226895943621,1.1398239634900253,0.6941839957488528,1.5531093894982348,1.3049697004771943,0.007313508658213128,1.693946755416114
2020-06-28,R,NA,Effective reproduction number (R),1.4560831530329663,1.1302529464607884,0.6889011445008449,1.5087311600471536,1.3029929053895697,0.008004026088850539,1.6948228544485997
2020-06-29,R,NA,Effective reproduction number (R),1.4362879746136348,1.1211478889142203,0.684309518040256,1.4758417828364052,1.3002711183136386,0.008822575122630768,1.6952462497885932
2020-06-30,R,NA,Effective reproduction number (R),1.3988360658747716,1.1125789575644474,0.6803758526040347,1.4812325257411372,1.295545885102088,0.009745920694656105,1.6950084692082616
2020-07-01,R,NA,Effective reproduction number (R),1.4008264207915984,1.114005623915355,0.6728581684306567,1.5144005446800468,1.3855944285687107,0.010864076372310506,1.560841326449332
2020-07-02,R,NA,Effective reproduction number (R),1.394803001364638,1.1054567287575208,0.667396293094671,1.4731561143232945,1.365678788908176,0.011882692299288051,1.5587566099508903
2020-07-03,R,NA,Effective reproduction number (R),1.396986440042404,1.097320816045079,0.662442669557217,1.4537383591737392,1.3308529325042913,0.012851162042726304,1.555409587773397
2020-07-04,R,NA,Effective reproduction number (R),1.396932514912721,1.0894239614058197,0.6577933633838275,1.4452815520861448,1.3010200903641786,0.013696015928011797,1.5505985013480046
2020-07-05,R,NA,Effective reproduction number (R),1.388768419526895,1.081567325975122,0.65324836549659,1.4354691283126655,1.2761178458106353,0.014345399551123812,1.5441517824579285
2020-07-06,R,NA,Effective reproduction number (R),1.3829282828024336,1.073547246909133,0.6486318060399255,1.424224315649164,1.2559146290894063,0.014739903277833992,1.5359405346156216
2020-07-07,R,NA,Effective reproduction number (R),1.37371591858055,1.0651729449780938,0.6438046878433735,1.411495303518262,1.2400322010790406,0.014842463553848433,1.5258891925316256
2020-07-08,R,NA,Effective reproduction number (R),1.3610235296420312,1.0562802304792782,0.6386702805237064,1.3972634115233955,1.2279659625252148,0.014644605783770248,1.5139835329601827
2020-07-09,R,NA,Effective reproduction number (R),1.3449119843236637,1.0467402888314168,0.6331730151295965,1.3854838836836636,1.2191041194398198,0.01416725207569767,1.5002753766681034
2020-07-10,R,NA,Effective reproduction number (R),1.2579269344311999,1.0173823792192658,0.6260756713342838,1.345797818463036,1.2211487305343747,0.012794406469603462,1.5042369179378217
2020-07-11,R,NA,Effective reproduction number (R),1.244565833431203,1.0065507679276715,0.6198453524031154,1.3406745039130983,1.2046514705880138,0.011954155244181211,1.487124300392152
2020-07-12,R,NA,Effective reproduction number (R),1.2293086202781613,0.9949567420702534,0.6133031947742716,1.336588643794655,1.1871300725108185,0.011013815092769363,1.4687353199908606
2020-07-13,R,NA,Effective reproduction number (R),1.2041594210099298,0.9826141042744276,0.6064683910287192,1.3326358209032274,1.1687654743193352,0.01003385192705101,1.4493625180704732
2020-07-14,R,NA,Effective reproduction number (R),1.1779257969080135,0.9695641685855877,0.5993572122359059,1.3279389537680626,1.1497720593311689,0.009065092921923213,1.4293349928436851
2020-07-15,R,NA,Effective reproduction number (R),1.1512193438312741,0.9558730374727189,0.5919808969630925,1.3216898701678252,1.1303905232787816,0.008145575349951297,1.4090047280554394
2020-07-16,R,NA,Effective reproduction number (R),1.1246277196600487,0.9416298032285851,0.5843488624506036,1.3131912706012625,1.1108792887207997,0.007300140894044181,1.3887323361584443
2020-07-17,R,NA,Effective reproduction number (R),1.098686347453468,0.9269452465997654,0.5764763000505424,1.301895234969668,1.0894028378908251,0.006541933342752261,1.3688730947827261
2020-07-18,R,NA,Effective reproduction number (R),1.0742114547803645,0.9119503015934343,0.56839393094534,1.2874340389901449,1.0647376024952118,0.005874865441556726,1.3497640150236454
2020-07-19,R,NA,Effective reproduction number (R),1.0533661622341364,0.8967935015356504,0.5601570071107432,1.2696394203569945,1.0415373701937647,0.00529629542026316,1.3317124868543266
2020-07-20,R,NA,Effective reproduction number (R),1.0338444233112054,0.8816368013996551,0.551850762677493,1.248547576123112,1.0200748390949264,0.004799431328367784,1.314986834101962
2020-07-21,R,NA,Effective reproduction number (R),1.0158376846400248,0.8666495206131335,0.5435903863140272,1.2243889028162438,1.0005230395553435,0.004375241821439494,1.2998089104380914
2020-07-22,R,NA,Effective reproduction number (R),1.0847807221949028,0.8285660526608669,0.5090132194872707,1.1332081668652805,1.0353290740648617,0.004383013071397354,1.1332081668652805
2020-07-23,R,NA,Effective reproduction number (R),1.067608748736175,0.8146619731514629,0.501179071463114,1.1229645752876338,1.0102936942089644,0.00404620593233598,1.1229645752876338
2020-07-24,R,NA,Effective reproduction number (R),1.0524931715491692,0.8014049665337049,0.49385189829925785,1.1143856558282565,0.9839540211487088,0.003757211239042703,1.1143856558282565
2020-07-25,R,NA,Effective reproduction number (R),1.0317810587176246,0.7888972561807408,0.4871376405665447,1.1074711146576115,0.9568883854552689,0.003507071523193109,1.1074711146576115
2020-07-26,R,NA,Effective reproduction number (R),1.0075395404104603,0.7772069412027636,0.4811092004557778,1.1021706708167804,0.9296758012632966,0.003288093794453683,1.1021706708167804
2020-07-27,R,NA,Effective reproduction number (R),0.9792284571106917,0.7663639211477649,0.47579762052714736,1.0983859515512637,0.9028628401939156,0.00309394435123978,1.0983859515512637
2020-07-28,R,NA,Effective reproduction number (R),0.9520785159588927,0.7563584778725314,0.4711883812514716,1.0178145040288995,0.8241111795518317,0.002919675972614768,1.0959734724511456
2020-07-29,R,NA,Effective reproduction number (R),0.9264695974506003,0.7471426420259452,0.467223142352708,1.008644520543274,0.8198673445225565,0.002761702135891366,1.0947487619343794
2020-07-30,R,NA,Effective reproduction number (R),0.9026840097888544,0.7386341902312168,0.46380633938262605,0.9995270936948154,0.8165746566963061,0.0026177216501171276,1.0944917259125384
2020-07-31,R,NA,Effective reproduction number (R),0.8809056549574149,0.7307228828656246,0.46081536100378356,0.9900639924678617,0.8081477960663286,0.0024865954595782837,1.0949533472405812
2020-08-01,R,NA,Effective reproduction number (R),0.8612239895286752,0.7232783782054168,0.458112663321721,0.9798935387616621,0.7889822659943426,0.0023681830245818507,1.095863767963881
2020-08-02,R,NA,Effective reproduction number (R),0.8436413736858406,0.7161591534673651,0.45555812985528665,0.9687109698044931,0.7718601217815398,0.002263154648240694,1.0969417091329965
2020-08-03,R,NA,Effective reproduction number (R),0.8261054058101269,0.6850731131195538,0.435540717699801,0.9929585160755322,0.790345469680362,0.002285446815700685,0.9929585160755322
2020-08-04,R,NA,Effective reproduction number (R),0.811301888713464,0.6780165718494685,0.43186378162306616,0.9799663010119284,0.7788748988574475,0.0022076985418137823,0.9799663010119284
2020-08-05,R,NA,Effective reproduction number (R),0.7980455889353342,0.670896517775313,0.42801274435420067,0.9799143190938047,0.769537955760957,0.002149458187875024,0.9799143190938047
2020-08-06,R,NA,Effective reproduction number (R),0.7861437797840202,0.6636209939887439,0.42394111213426344,0.9791031188880036,0.7620404087918037,0.0021132799465671693,0.9791031188880036
2020-08-07,R,NA,Effective reproduction number (R),0.7753756877962429,0.6561236515769312,0.41963004965293293,0.9773796755935245,0.7560514369913854,0.0021020898539852546,0.9773796755935245
2020-08-08,R,NA,Effective reproduction number (R),0.7655060169984124,0.6483664365660362,0.4150849234891294,0.9746379406099863,0.7512178105567924,0.0021193020372100224,0.9746379406099863
2020-08-09,R,NA,Effective reproduction number (R),0.7562987288206562,0.6403406341271743,0.41033038114952974,0.9708243392314599,0.7471791172618875,0.0021690004121258043,0.9708243392314599
2020-08-10,R,NA,Effective reproduction number (R),0.7487733190903556,0.6320664896216457,0.40540503947606654,0.9659406506396896,0.7410986745377192,0.0022561664873896863,0.9659406506396896
2020-08-11,R,NA,Effective reproduction number (R),0.7439663194579325,0.6235916751456377,0.4003567178436679,0.9600440301615906,0.7301831038793335,0.002386924851242671,0.9600440301615906
2020-08-12,R,NA,Effective reproduction number (R),0.7391441065434752,0.6149888600170444,0.3952388534155467,0.9532441758124085,0.7192961688225973,0.002568763802811753,0.9532441758124085
2020-08-13,R,NA,Effective reproduction number (R),0.7341023055689325,0.606352590500013,0.39010835355529627,0.8060568358656583,0.5761585873261093,0.0028106656815075795,0.9456978860478747
2020-08-14,R,NA,Effective reproduction number (R),0.7286984867382202,0.5977956124381864,0.3850247691241912,0.7876340759743607,0.5674872336747099,0.0031230475606964267,0.9376014692256313
2020-08-15,R,NA,Effective reproduction number (R),0.7228593522562585,0.5894447055434238,0.38005039884311936,0.770612344822343,0.5583733149774173,0.003517370229586136,0.9291816190574773
2020-08-16,R,NA,Effective reproduction number (R),0.7165834918202112,0.5814360594265429,0.37525081224631174,0.755241972681736,0.5490166413356382,0.004005232357860883,0.920685446730801
2020-08-17,R,NA,Effective reproduction number (R),0.709939381991813,0.5739102200094305,0.37069531021167446,0.7417187540667751,0.5396332294506652,0.004596751272711274,0.9123703552972261
2020-08-18,R,NA,Effective reproduction number (R),0.70305881630829,0.5670066738348,0.366456981156542,0.7301822900004996,0.5304461457920561,0.005298081544426043,0.904494364379171
2020-08-19,R,NA,Effective reproduction number (R),0.6961264437493617,0.5608582147504856,0.3626121785941849,0.7207165284509652,0.5216769740046558,0.006108086984261909,0.8973073623331581
2020-08-20,R,NA,Effective reproduction number (R),0.6893664682119114,0.5555853452202063,0.35923936039999377,0.7133517848203689,0.5135383989594438,0.007014497078426092,0.8910436033169636
2020-08-21,R,NA,Effective reproduction number (R),0.6830277549450425,0.5512910857893606,0.35641724499740934,0.7080676450879486,0.5062282070035939,0.007990325879461566,0.8859156033598815
2020-08-22,R,NA,Effective reproduction number (R),0.6773685796587787,0.5480566648099304,0.35422217418482743,0.7047963364596013,0.49992480350790436,0.008991785530787295,0.8821094440402542
2020-08-23,R,NA,Effective reproduction number (R),0.672642066437634,0.5459385778074338,0.35272451986524245,0.7034263549559567,0.49478417269017944,0.009959142645441892,0.8797813799586889
2020-08-24,R,NA,Effective reproduction number (R),0.669083051189069,0.544967376690298,0.3519840631811324,0.703806332191834,0.4909380704427973,0.010821649083300466,0.8790555748083249
2020-08-25,R,NA,Effective reproduction number (R),0.6668967548090257,0.5451482432661319,0.35204459355271966,0.705749277336167,0.4884931583056591,0.011506665100487019,0.880022761583417
2020-08-26,R,NA,Effective reproduction number (R),0.6662493292675071,0.5464629744785787,0.35292846547693824,0.7090374247440258,0.4875307567833628,0.011951562482724483,0.8827396309300021
2020-08-27,R,NA,Effective reproduction number (R),0.6672601085219718,0.5488726150776645,0.35463228701639465,0.7134279403865083,0.48810691338165074,0.012115545651210834,0.8872287896447056
2020-08-28,R,NA,Effective reproduction number (R),0.6699952884212321,0.552319817950066,0.3571249973022494,0.7186596867207873,0.4902525357022936,0.011987949547778045,0.8934791885730841
2020-08-29,R,NA,Effective reproduction number (R),0.6744627840452748,0.5567302191581254,0.36034914365876397,0.7244611215163345,0.493973421857847,0.011590369744680452,0.9014469845963794
2020-08-30,R,NA,Effective reproduction number (R),0.6806081552921222,0.5620126324661594,0.3642252952222601,0.7305592276773326,0.49925011848188106,0.010971959699935302,0.9110568642232937
2020-08-31,R,NA,Effective reproduction number (R),0.6883117199158006,0.568058471960231,0.36865859784331995,0.7366891651653867,0.5060376403603816,0.010199513739228443,0.9222039067041388
2020-09-01,R,NA,Effective reproduction number (R),0.6973872413439897,0.5747412294209668,0.3735459137619131,0.7426041377091643,0.5142651852102099,0.009345480860201866,0.9347560943440713
2020-09-02,R,NA,Effective reproduction number (R),0.7075828292049745,0.5819169064542518,0.37878203559742474,0.7480848139943463,0.5238360623516866,0.0084772196586641,0.9485575808287325
2020-09-03,R,NA,Effective reproduction number (R),0.7185848594235302,0.5894260588282976,0.38426404260672137,0.7529475690845433,0.5346281146782152,0.007649762022648075,0.9634328018276995
2020-09-04,R,NA,Effective reproduction number (R),0.7300257439331643,0.5970977147529644,0.389893672406548,0.7570508386301773,0.546494939265106,0.006902798219836358,0.9791914564365669
2020-09-05,R,NA,Effective reproduction number (R),0.7414962049652103,0.6047550550168553,0.39557826962137305,0.760299009853242,0.559268194387919,0.006261273503098836,0.9956343077455554
2020-09-06,R,NA,Effective reproduction number (R),0.7495782059779028,0.6122224857675519,0.4012312222003836,0.763785461375033,0.5727612141922116,0.005738306206537039,1.012559654659095
2020-09-07,R,NA,Effective reproduction number (R),0.7550489030253031,0.6193335949108355,0.4067727569890178,0.7747360864278722,0.5867740370410814,0.005339098440802744,1.0297702271723406
2020-09-08,R,NA,Effective reproduction number (R),0.7594917228167927,0.6259394124957127,0.41213162267022035,0.7843757721634497,0.6010997976874861,0.005064864284651838,1.0470801678371384
2020-09-09,R,NA,Effective reproduction number (R),0.7599886960352641,0.631916351931029,0.4172476909954961,0.7923139947302471,0.6155322535069874,0.004916263895993703,1.0643216973286167
2020-09-10,R,NA,Effective reproduction number (R),0.7591389570969199,0.637173184695278,0.42207501962474037,0.7982320300240628,0.6298740352524002,0.004896217084724748,1.0813510336637764
2020-09-11,R,NA,Effective reproduction number (R),0.7577085445972858,0.6416564190029848,0.4265845832528129,0.8019063570045758,0.6439450615490219,0.005012205517211809,1.0980531498770807
2020-09-12,R,NA,Effective reproduction number (R),0.755815219692388,0.6453535430871405,0.43076578794946285,0.8032261372939785,0.6575904610715281,0.0052782655600683995,1.1143450147490244
2020-09-13,R,NA,Effective reproduction number (R),0.7535751923131837,0.64829377042185,0.43462606352984806,0.8022026325448673,0.6706873275407689,0.005716858457494241,1.130177059766092
2020-09-14,R,NA,Effective reproduction number (R),0.7510957396407104,0.65054617120669,0.4381882328750362,0.7989693746358846,0.6831496987783211,0.006360710286570843,1.1455327413220522
2020-09-15,R,NA,Effective reproduction number (R),0.748469387361274,0.6522153460402434,0.4414858775372886,0.7937730867865804,0.6949312956441603,0.007254552743702533,1.160426204957426
2020-09-16,R,NA,Effective reproduction number (R),0.7457699018896661,0.653435032165072,0.44455742069990684,0.7869565334698001,0.7060257591608937,0.008456466602423347,1.174898191897672
2020-09-17,R,NA,Effective reproduction number (R),0.7430501952861519,0.6543601734793917,0.4474400100946105,0.7789354213889631,0.7130543268693085,0.010038236973026448,1.1890104428822963
2020-09-18,R,NA,Effective reproduction number (R),0.7403421178603835,0.6551580038073926,0.45016442666882406,0.770172012962533,0.7011980687252971,0.01208380984031263,1.2028389400414496
2020-09-19,R,NA,Effective reproduction number (R),0.7376580084815185,0.655998604025869,0.4527521413118735,0.7611481807790321,0.6892378214656633,0.01468469252806661,1.2164663795958446
2020-09-20,R,NA,Effective reproduction number (R),0.7349937868537315,0.6570452613424922,0.4552152978326201,0.7523402695343498,0.67766090208086,0.017931147846043268,1.229974287185971
2020-09-21,R,NA,Effective reproduction number (R),0.732333301329221,0.6584448810174632,0.4575598371323912,0.75329133123155,0.6669097878956418,0.0218985297268611,1.243435178946603
2020-09-22,R,NA,Effective reproduction number (R),0.729653587206454,0.6603187709528611,0.45979123556522683,0.7618159221509088,0.657367974712351,0.026629287883460112,1.2569051430422877
2020-09-23,R,NA,Effective reproduction number (R),0.7269306438218779,0.6627543709312955,0.46192150707034063,0.7702941494674722,0.6493510706339385,0.03211299455868092,1.2704171769535222
2020-09-24,R,NA,Effective reproduction number (R),0.7241453074334259,0.6657988493912137,0.4639754159435004,0.7788175078930614,0.6431021857195104,0.03826877203352318,1.2839755728005173
2020-09-25,R,NA,Effective reproduction number (R),0.7212887867967772,0.6694557359190673,0.46599356872025305,0.7874522493449577,0.6387904162862766,0.04493584296214947,1.297551601215118
2020-09-26,R,NA,Effective reproduction number (R),0.7201908954340575,0.6736856412321504,0.4680304920717581,0.7962330365817941,0.6365112242410611,0.05187755718632212,1.3110807051695537
2020-09-27,R,NA,Effective reproduction number (R),0.7172621254434453,0.6784114837759831,0.4701470364622358,0.8051580537258026,0.6362877198277732,0.05880158277546503,1.3244613768803382
2020-09-28,R,NA,Effective reproduction number (R),0.714339561136285,0.6835275907114357,0.47239817112687504,0.8141857628926769,0.6380722013668482,0.06539443098227937,1.3375558489879549
2020-09-29,R,NA,Effective reproduction number (R),0.7114902292228701,0.6889109495651994,0.4748188192880908,0.8232334783055477,0.6417477194564704,0.07136369596698283,1.3501926799325092
2020-09-30,R,NA,Effective reproduction number (R),0.708802149124695,0.6944322544032523,0.47741115371346066,0.8321779154879144,0.6471298534422366,0.07647840227644268,1.3621712473888383
2020-10-01,R,NA,Effective reproduction number (R),0.7063818542110303,0.6999645578691663,0.4801364076400594,0.8408578486423044,0.6539692582834197,0.08059811020164716,1.3732680794083747
2020-10-02,R,NA,Effective reproduction number (R),0.7043505227409639,0.7053882752632975,0.4829129595883125,0.8490789593150053,0.6619558072210971,0.08368488419683097,1.3832448506983528
2020-10-03,R,NA,Effective reproduction number (R),0.7028389791281003,0.7105925887416494,0.48562081043180655,0.8566208725490584,0.6707252700445693,0.08579735756092453,1.391857755965352
2020-10-04,R,NA,Effective reproduction number (R),0.7019818691607329,0.7154744242969129,0.4881112109692063,0.8632462483200823,0.6798693864197297,0.08707080446699893,1.398867852959855
2020-10-05,R,NA,Effective reproduction number (R),0.7019113170270681,0.7199367169110208,0.4902194825613443,0.8687116308493107,0.6889498953952754,0.0876897555962517,1.4040518583235055
2020-10-06,R,NA,Effective reproduction number (R),0.7027503436276317,0.7238875403020611,0.4917790203423657,0.8727795716066585,0.6975165750642928,0.08785982897288667,1.4072127953876945
2020-10-07,R,NA,Effective reproduction number (R),0.7058351525968454,0.7272410389505599,0.4926348518282166,0.8752313582595069,0.7024346463524569,0.08778372368116957,1.408189850226463
2020-10-08,R,NA,Effective reproduction number (R),0.7104720525386554,0.7299202773510803,0.49265564719969107,0.875879532580632,0.7054506029430019,0.08764385499615907,1.4068668027581948
2020-10-09,R,NA,Effective reproduction number (R),0.7148321243399982,0.7318614061465393,0.4917435167627978,0.874579297253099,0.7096136218057426,0.08759188315766513,1.4031784696523535
2020-10-10,R,NA,Effective reproduction number (R),0.7187897825796541,0.7330181136192614,0.4898411948279014,0.8712379203752776,0.7148469609542575,0.0877439420963261,1.3971147233183197
2020-10-11,R,NA,Effective reproduction number (R),0.723583055228898,0.7333652336538504,0.48693632456194924,0.8658213603400825,0.7188504005389738,0.08817979110908997,1.3887218258272704
2020-10-12,R,NA,Effective reproduction number (R),0.7312164453404493,0.7329005746006441,0.4830626135206046,0.8659070174544892,0.7169984926193292,0.08894419290948276,1.3781010202535549
2020-10-13,R,NA,Effective reproduction number (R),0.7398459820352601,0.7316444250942482,0.47829771329686743,0.86399788660611,0.7129437221572973,0.09004927895669348,1.3654045317845895
2020-10-14,R,NA,Effective reproduction number (R),0.7493149138875164,0.7296366746403364,0.4727578400252906,0.859932715676244,0.7068223252531304,0.0914772467542231,1.3508293230251798
2020-10-15,R,NA,Effective reproduction number (R),0.7594173862027782,0.7269319549136506,0.4665893998910935,0.8539807530082281,0.6988589669482277,0.09318327183880913,1.3346091009341223
2020-10-16,R,NA,Effective reproduction number (R),0.7699004510574726,0.7235935748445727,0.4599581856456922,0.8464739720820892,0.6893476911671639,0.09509890760578954,1.3170051715547737
2020-10-17,R,NA,Effective reproduction number (R),0.7804688034616457,0.7196872262489642,0.45303702074779667,0.8377821729711618,0.6786292687640362,0.09713643376428771,1.2982967760289015
2020-10-18,R,NA,Effective reproduction number (R),0.7883042990945831,0.715275446209418,0.4459929971921437,0.8282877925371599,0.6670673349571566,0.09919457592000666,1.278771518774947
2020-10-19,R,NA,Effective reproduction number (R),0.7980250211617588,0.7104136428744788,0.4389756290030955,0.8183624970599067,0.6550255250033554,0.1011657649761179,1.258716425097101
2020-10-20,R,NA,Effective reproduction number (R),0.7996094069624222,0.7051481639487215,0.4321072696174807,0.8113320410306144,0.6428473507581121,0.10294469087461727,1.2384100550126016
2020-10-21,R,NA,Effective reproduction number (R),0.7898104385489557,0.6995164825876455,0.4254769651729579,0.8187745388999412,0.6308399428772395,0.10443743621544159,1.2181159692824264
2020-10-22,R,NA,Effective reproduction number (R),0.7793621272897079,0.6935491803532601,0.41913851005847624,0.8245678667853467,0.6192621503282992,0.10557009293462019,1.198077708697519
2020-10-23,R,NA,Effective reproduction number (R),0.7694655973987492,0.6872731045640962,0.41311286523466917,0.8284247535167362,0.6083169501313326,0.10629560754984091,1.178515322271349
2020-10-24,R,NA,Effective reproduction number (R),0.7602617484392042,0.6807149268167774,0.4073943969920358,0.8301184755746637,0.5981477412359224,0.1065977497306197,1.1596233739196689
2020-10-25,R,NA,Effective reproduction number (R),0.751825392155601,0.6739043501831486,0.4019597553776881,0.8294968169354546,0.5888378961080105,0.10649154085214925,1.1415702759716921
2020-10-26,R,NA,Effective reproduction number (R),0.744167644650249,0.6668763810062827,0.3967778058205933,0.8264915830730255,0.5804129030617601,0.10602009855591914,1.1244987429816096
2020-10-27,R,NA,Effective reproduction number (R),0.7372409080918633,0.6596723406994488,0.3918189656575288,0.8211226236656738,0.5728445087594597,0.10524847368476602,1.1085271291826455
2020-10-28,R,NA,Effective reproduction number (R),0.7309460154720062,0.652339573494192,0.387062589637794,0.8134958917391226,0.5660564107866912,0.10425550676945339,1.093751403859587
2020-10-29,R,NA,Effective reproduction number (R),0.7251412023163337,0.6449300453911628,0.3825016026445109,0.8037957222378262,0.5599312032218604,0.10312491067772074,1.0802475262032225
2020-10-30,R,NA,Effective reproduction number (R),0.7196526187903918,0.6374981876517265,0.37814423507415745,0.792272141162016,0.5543184009023303,0.10193669029858442,1.0680740000079632
2020-10-31,R,NA,Effective reproduction number (R),0.7142860825543208,0.6300984018562967,0.3740133053507643,0.7792245142185463,0.549043431140563,0.10075972029079955,1.0572744145246094
2020-11-01,R,NA,Effective reproduction number (R),0.7088396946330011,0.6227826223731567,0.37014387991622977,0.7649831375949941,0.543917471053257,0.0996459410021886,1.0478798073644844
2020-11-02,R,NA,Effective reproduction number (R),0.7031168142876006,0.6155982498587566,0.3665802552728105,0.7498904334304954,0.5387479270436579,0.09862631691108013,1.0399107160087113
2020-11-03,R,NA,Effective reproduction number (R),0.6969387471347752,0.6085866556745554,0.3633730563756396,0.7342832560732658,0.5333492189586111,0.09770850631781121,1.033378814560918
